N55528	lifestyle	lifestyleroyals	The Brands Queen Elizabeth, Prince Charles, and Prince Philip Swear By	Shop the notebooks, jackets, and more that the royals can't live without.	https://assets.msn.com/labs/mind/AAGH0ET.html	"[{""Label"": ""Prince Philip, Duke of Edinburgh"", ""Type"": ""P"", ""WikidataId"": ""Q80976"", ""Confidence"": 1.0, ""OccurrenceOffsets"": [48], ""SurfaceForms"": [""Prince Philip""]}, {""Label"": ""Charles, Prince of Wales"", ""Type"": ""P"", ""WikidataId"": ""Q43274"", ""Confidence"": 1.0, ""OccurrenceOffsets"": [28], ""SurfaceForms"": [""Prince Charles""]}, {""Label"": ""Elizabeth II"", ""Type"": ""P"", ""WikidataId"": ""Q9682"", ""Confidence"": 0.97, ""OccurrenceOffsets"": [11], ""SurfaceForms"": [""Queen Elizabeth""]}]"	[]
N19639	health	weightloss	50 Worst Habits For Belly Fat	These seemingly harmless habits are holding you back and keeping you from shedding that unwanted belly fat for good.	https://assets.msn.com/labs/mind/AAB19MK.html	"[{""Label"": ""Adipose tissue"", ""Type"": ""C"", ""WikidataId"": ""Q193583"", ""Confidence"": 1.0, ""OccurrenceOffsets"": [20], ""SurfaceForms"": [""Belly Fat""]}]"	"[{""Label"": ""Adipose tissue"", ""Type"": ""C"", ""WikidataId"": ""Q193583"", ""Confidence"": 1.0, ""OccurrenceOffsets"": [97], ""SurfaceForms"": [""belly fat""]}]"
N61837	news	newsworld	The Cost of Trump's Aid Freeze in the Trenches of Ukraine's War	Lt. Ivan Molchanets peeked over a parapet of sand bags at the front line of the war in Ukraine. Next to him was an empty helmet propped up to trick snipers, already perforated with multiple holes.	https://assets.msn.com/labs/mind/AAJgNsz.html	[]	"[{""Label"": ""Ukraine"", ""Type"": ""G"", ""WikidataId"": ""Q212"", ""Confidence"": 0.946, ""OccurrenceOffsets"": [87], ""SurfaceForms"": [""Ukraine""]}]"
N53526	health	voices	I Was An NBA Wife. Here's How It Affected My Mental Health.	I felt like I was a fraud, and being an NBA wife didn't help that. In fact, it nearly destroyed me.	https://assets.msn.com/labs/mind/AACk2N6.html	[]	"[{""Label"": ""National Basketball Association"", ""Type"": ""O"", ""WikidataId"": ""Q155223"", ""Confidence"": 1.0, ""OccurrenceOffsets"": [40], ""SurfaceForms"": [""NBA""]}]"
N38324	health	medical	How to Get Rid of Skin Tags, According to a Dermatologist	They seem harmless, but there's a very good reason you shouldn't ignore them. The post How to Get Rid of Skin Tags, According to a Dermatologist appeared first on Reader's Digest.	https://assets.msn.com/labs/mind/AAAKEkt.html	"[{""Label"": ""Skin tag"", ""Type"": ""C"", ""WikidataId"": ""Q3179593"", ""Confidence"": 1.0, ""OccurrenceOffsets"": [18], ""SurfaceForms"": [""Skin Tags""]}]"	"[{""Label"": ""Skin tag"", ""Type"": ""C"", ""WikidataId"": ""Q3179593"", ""Confidence"": 1.0, ""OccurrenceOffsets"": [105], ""SurfaceForms"": [""Skin Tags""]}, {""Label"": ""Dermatology"", ""Type"": ""C"", ""WikidataId"": ""Q171171"", ""Confidence"": 1.0, ""OccurrenceOffsets"": [131], ""SurfaceForms"": [""Dermatologist""]}, {""Label"": ""Reader's Digest"", ""Type"": ""M"", ""WikidataId"": ""Q371820"", ""Confidence"": 0.999, ""OccurrenceOffsets"": [163], ""SurfaceForms"": [""Reader's Digest""]}]"
N2073	sports	football_nfl	Should NFL be able to fine players for criticizing officiating?	Several fines came down against NFL players for criticizing officiating this week. It's a very bad look for the league.	https://assets.msn.com/labs/mind/AAJ4lap.html	"[{""Label"": ""National Football League"", ""Type"": ""O"", ""WikidataId"": ""Q1215884"", ""Confidence"": 1.0, ""OccurrenceOffsets"": [7], ""SurfaceForms"": [""NFL""]}]"	"[{""Label"": ""National Football League"", ""Type"": ""O"", ""WikidataId"": ""Q1215884"", ""Confidence"": 1.0, ""OccurrenceOffsets"": [32], ""SurfaceForms"": [""NFL""]}]"
N49186	weather	weathertopstories	It's been Orlando's hottest October ever so far, but cooler temperatures on the way	There won't be a chill down to your bones this Halloween in Orlando, unless you count the sweat dripping from your armpits.	https://assets.msn.com/labs/mind/AAJwoxD.html	"[{""Label"": ""Orlando, Florida"", ""Type"": ""G"", ""WikidataId"": ""Q49233"", ""Confidence"": 0.962, ""OccurrenceOffsets"": [10], ""SurfaceForms"": [""Orlando""]}]"	"[{""Label"": ""Orlando, Florida"", ""Type"": ""G"", ""WikidataId"": ""Q49233"", ""Confidence"": 0.962, ""OccurrenceOffsets"": [60], ""SurfaceForms"": [""Orlando""]}]"
N59295	news	newsworld	Chile: Three die in supermarket fire amid protests	Three people have died in a supermarket fire as angry protests in Chile entered their seventh day, the mayor of capital city Santiago said on Sunday.	https://assets.msn.com/labs/mind/AAJ43pw.html	"[{""Label"": ""Chile"", ""Type"": ""G"", ""WikidataId"": ""Q298"", ""Confidence"": 0.988, ""OccurrenceOffsets"": [0], ""SurfaceForms"": [""Chile""]}]"	"[{""Label"": ""Santiago"", ""Type"": ""G"", ""WikidataId"": ""Q2887"", ""Confidence"": 0.995, ""OccurrenceOffsets"": [125], ""SurfaceForms"": [""Santiago""]}, {""Label"": ""Chile"", ""Type"": ""G"", ""WikidataId"": ""Q298"", ""Confidence"": 0.988, ""OccurrenceOffsets"": [66], ""SurfaceForms"": [""Chile""]}]"
N24510	entertainment	gaming	Best PS5 games: top PlayStation 5 titles to look forward to	Every confirmed or expected PS5 game we can't wait to play	https://assets.msn.com/labs/mind/AACHUn8.html	"[{""Label"": ""PlayStation"", ""Type"": ""J"", ""WikidataId"": ""Q1323662"", ""Confidence"": 1.0, ""OccurrenceOffsets"": [20], ""SurfaceForms"": [""PlayStation 5""]}]"	[]
N39237	news	newsscienceandtechnology	How to report weather-related closings, delays	When there are active closings, view them here. WXII 12 News receives a number of phone calls and e-mails from viewers with questions. Sign up for our Newsletters To report a closure, please visit wxii.reportclosing.com The weather closing system is a viewer-operated system. Employees of WXII-TV and WXII12.com DO NOT enter the information in the system. That comes straight from the school/business/institution. Before you can enter information,...	https://assets.msn.com/labs/mind/AAlErhA.html	[]	"[{""Label"": ""WXII-TV"", ""Type"": ""M"", ""WikidataId"": ""Q7957644"", ""Confidence"": 0.997, ""OccurrenceOffsets"": [48, 289, 301], ""SurfaceForms"": [""WXII"", ""WXII-TV"", ""WXII12.com""]}, {""Label"": ""KPNX"", ""Type"": ""M"", ""WikidataId"": ""Q3191485"", ""Confidence"": 1.0, ""OccurrenceOffsets"": [53], ""SurfaceForms"": [""12 News""]}]"
N9721	health	nutrition	50 Foods You Should Never Eat, According to Health Experts	This is so depressing.	https://assets.msn.com/labs/mind/AABDHTv.html	[]	[]
N60905	autos	autosenthusiasts	Trying to Make a Ram 3500 as Quick as a Viper Requires Some Disassembly	The 2019 Ram 3500's new Cummins diesel has 1000 lb-ft of torque. We put it to work on the drag strip.	https://assets.msn.com/labs/mind/AADKhPQ.html	"[{""Label"": ""Ram Pickup"", ""Type"": ""V"", ""WikidataId"": ""Q1211586"", ""Confidence"": 1.0, ""OccurrenceOffsets"": [17], ""SurfaceForms"": [""Ram 3500""]}]"	"[{""Label"": ""Ram Pickup"", ""Type"": ""V"", ""WikidataId"": ""Q1211586"", ""Confidence"": 1.0, ""OccurrenceOffsets"": [9], ""SurfaceForms"": [""Ram 3500""]}, {""Label"": ""Cummins"", ""Type"": ""O"", ""WikidataId"": ""Q173476"", ""Confidence"": 1.0, ""OccurrenceOffsets"": [24], ""SurfaceForms"": [""Cummins""]}]"
N39758	health	nutrition	25 Biggest Grocery Store Mistakes Making You Gain Weight	From picking up free goodies to navigating the wrong aisles, these grocery shopping mistakes could be one of the sneaky reasons you're gaining weight.	https://assets.msn.com/labs/mind/AABqkFQ.html	"[{""Label"": ""Weight gain"", ""Type"": ""C"", ""WikidataId"": ""Q3403879"", ""Confidence"": 1.0, ""OccurrenceOffsets"": [45], ""SurfaceForms"": [""Gain Weight""]}]"	[]
N28361	health	wellness	Instagram Filters with Plastic Surgery-Inspired Effects Could Soon Disappear	In an effort to combat some of the negative mental impacts caused by social media, the company announced it is removing all of its filters that give a plastic surgery-like effect.	https://assets.msn.com/labs/mind/AAJaBOM.html	"[{""Label"": ""Instagram"", ""Type"": ""W"", ""WikidataId"": ""Q209330"", ""Confidence"": 1.0, ""OccurrenceOffsets"": [0], ""SurfaceForms"": [""Instagram""]}]"	[]
N18680	health	health-news	Michigan apple recall: Nearly 2,300 crates could be contaminated with listeria	A Michigan produce company has recalled nearly 2,300 cases of fresh apples that could be contaminated with listeria.	https://assets.msn.com/labs/mind/AAJwfO8.html	"[{""Label"": ""Michigan"", ""Type"": ""G"", ""WikidataId"": ""Q1166"", ""Confidence"": 0.998, ""OccurrenceOffsets"": [0], ""SurfaceForms"": [""Michigan""]}]"	"[{""Label"": ""Michigan"", ""Type"": ""G"", ""WikidataId"": ""Q1166"", ""Confidence"": 0.998, ""OccurrenceOffsets"": [2], ""SurfaceForms"": [""Michigan""]}]"
N55610	lifestyle	lifestyleroyals	Kate Middleton's Best Hairstyles Through the Years	The Duchess of Cambridge knows her way around an updo.	https://assets.msn.com/labs/mind/AAEBVOU.html	"[{""Label"": ""Catherine, Duchess of Cambridge"", ""Type"": ""P"", ""WikidataId"": ""Q10479"", ""Confidence"": 1.0, ""OccurrenceOffsets"": [0], ""SurfaceForms"": [""Kate Middleton""]}]"	"[{""Label"": ""Catherine, Duchess of Cambridge"", ""Type"": ""P"", ""WikidataId"": ""Q10479"", ""Confidence"": 1.0, ""OccurrenceOffsets"": [4], ""SurfaceForms"": [""Duchess of Cambridge""]}]"
N35621	entertainment	celebrity	Stars who got fired from major projects	Take a look back at the celebs who got the boot from major movies and TV shows.	https://assets.msn.com/labs/mind/AABv6WU.html	[]	[]
N22850	travel	travelarticle	Newark Liberty Airport's Terminal One a $2.7 billion 'transformative' project	The project, which is the bi-state agency's single-largest investment in the state, is projected to be completed in 2022.	https://assets.msn.com/labs/mind/AAJfTqo.html	"[{""Label"": ""Newark Liberty International Airport"", ""Type"": ""F"", ""WikidataId"": ""Q466786"", ""Confidence"": 1.0, ""OccurrenceOffsets"": [0], ""SurfaceForms"": [""Newark Liberty Airport""]}]"	[]
N58173	autos	autossuvs	Is This The 2021 GMC Yukon Denali?	A Motor1.com reader sent this to us, and it sure looks legit.	https://assets.msn.com/labs/mind/AAGZhlc.html	"[{""Label"": ""Chevrolet Tahoe"", ""Type"": ""V"", ""WikidataId"": ""Q910928"", ""Confidence"": 1.0, ""OccurrenceOffsets"": [17], ""SurfaceForms"": [""GMC Yukon Denali""]}]"	"[{""Label"": ""Motorsport Network"", ""Type"": ""O"", ""WikidataId"": ""Q27150138"", ""Confidence"": 1.0, ""OccurrenceOffsets"": [2], ""SurfaceForms"": [""Motor1.com""]}]"
N29120	sports	football_nfl	"John Dorsey admits talks with Washington, but it ""takes two to tango"""	"Team officials in Washington ""emphatically"" denied a rumor of a Trent Williams trade to Cleveland, according to a report Tuesday. A day later, Browns General Manager John Dorsey admitted publicly he has talked to Washington president Bruce Allen. ""We've had a few conversations,"" Dorsey said, via Mary Kay Cabot of the Cleveland Plain Dealer. ""It [more]"	https://assets.msn.com/labs/mind/AAISxPW.html	"[{""Label"": ""John Dorsey (American football)"", ""Type"": ""P"", ""WikidataId"": ""Q14950911"", ""Confidence"": 0.995, ""OccurrenceOffsets"": [0], ""SurfaceForms"": [""John Dorsey""]}]"	"[{""Label"": ""John Dorsey (American football)"", ""Type"": ""P"", ""WikidataId"": ""Q14950911"", ""Confidence"": 0.995, ""OccurrenceOffsets"": [166, 280], ""SurfaceForms"": [""John Dorsey"", ""Dorsey""]}, {""Label"": ""Cleveland Browns"", ""Type"": ""O"", ""WikidataId"": ""Q223527"", ""Confidence"": 1.0, ""OccurrenceOffsets"": [143], ""SurfaceForms"": [""Browns""]}, {""Label"": ""Cleveland"", ""Type"": ""G"", ""WikidataId"": ""Q37320"", ""Confidence"": 0.967, ""OccurrenceOffsets"": [88], ""SurfaceForms"": [""Cleveland""]}, {""Label"": ""The Plain Dealer"", ""Type"": ""M"", ""WikidataId"": ""Q286036"", ""Confidence"": 1.0, ""OccurrenceOffsets"": [319], ""SurfaceForms"": [""Cleveland Plain Dealer""]}]"
N9786	news	newspolitics	Elijah Cummings to lie in state at US Capitol Thursday	Cummings, a Democrat whose district included sections of Baltimore, died last week at age 68 from complications related to longstanding health issues.	https://assets.msn.com/labs/mind/AAJgNxm.html	"[{""Label"": ""Elijah Cummings"", ""Type"": ""P"", ""WikidataId"": ""Q934898"", ""Confidence"": 1.0, ""OccurrenceOffsets"": [0], ""SurfaceForms"": [""Elijah Cummings""]}, {""Label"": ""United States Capitol"", ""Type"": ""F"", ""WikidataId"": ""Q54109"", ""Confidence"": 1.0, ""OccurrenceOffsets"": [35], ""SurfaceForms"": [""US Capitol""]}]"	"[{""Label"": ""Elijah Cummings"", ""Type"": ""P"", ""WikidataId"": ""Q934898"", ""Confidence"": 1.0, ""OccurrenceOffsets"": [0], ""SurfaceForms"": [""Cummings""]}, {""Label"": ""Baltimore"", ""Type"": ""G"", ""WikidataId"": ""Q5092"", ""Confidence"": 0.999, ""OccurrenceOffsets"": [57], ""SurfaceForms"": [""Baltimore""]}, {""Label"": ""Democratic Party (United States)"", ""Type"": ""O"", ""WikidataId"": ""Q29552"", ""Confidence"": 1.0, ""OccurrenceOffsets"": [12], ""SurfaceForms"": [""Democrat""]}]"
N47705	travel	traveltripideas	17 Abandoned Theme Parks to Explore for Thrills, Chills, and Nostalgia	Disney, Six Flags, and even the Flintstones have had amusement parks that succumbed to disasters, bad press, and shifting entertainment markets. But for the adventurous, abandoned theme parks, whether in California, Florida, or Ohio, can be fascinating places to explore   if you dare.	https://assets.msn.com/labs/mind/AADlunl.html	"[{""Label"": ""Amusement park"", ""Type"": ""C"", ""WikidataId"": ""Q194195"", ""Confidence"": 0.988, ""OccurrenceOffsets"": [13], ""SurfaceForms"": [""Theme Parks""]}, {""Label"": ""Chills"", ""Type"": ""U"", ""WikidataId"": ""Q2260058"", ""Confidence"": 0.988, ""OccurrenceOffsets"": [49], ""SurfaceForms"": [""Chills""]}]"	"[{""Label"": ""Six Flags"", ""Type"": ""O"", ""WikidataId"": ""Q824278"", ""Confidence"": 1.0, ""OccurrenceOffsets"": [8], ""SurfaceForms"": [""Six Flags""]}, {""Label"": ""Florida"", ""Type"": ""G"", ""WikidataId"": ""Q812"", ""Confidence"": 1.0, ""OccurrenceOffsets"": [216], ""SurfaceForms"": [""Florida""]}, {""Label"": ""The Flintstones"", ""Type"": ""W"", ""WikidataId"": ""Q201358"", ""Confidence"": 1.0, ""OccurrenceOffsets"": [32], ""SurfaceForms"": [""Flintstones""]}, {""Label"": ""Ohio"", ""Type"": ""G"", ""WikidataId"": ""Q1397"", ""Confidence"": 1.0, ""OccurrenceOffsets"": [228], ""SurfaceForms"": [""Ohio""]}, {""Label"": ""Amusement park"", ""Type"": ""C"", ""WikidataId"": ""Q194195"", ""Confidence"": 0.988, ""OccurrenceOffsets"": [180], ""SurfaceForms"": [""theme parks""]}, {""Label"": ""California"", ""Type"": ""G"", ""WikidataId"": ""Q99"", ""Confidence"": 1.0, ""OccurrenceOffsets"": [204], ""SurfaceForms"": [""California""]}]"
N3574	autos	autosnews	Ford Bronco Test Mule Spotted Flexing Its Muscles in Australia	It still won't be offered in the Land Down Under, however.	https://assets.msn.com/labs/mind/AAGBWeL.html	"[{""Label"": ""Ford Bronco"", ""Type"": ""V"", ""WikidataId"": ""Q534238"", ""Confidence"": 1.0, ""OccurrenceOffsets"": [0], ""SurfaceForms"": [""Ford Bronco""]}, {""Label"": ""Australia"", ""Type"": ""G"", ""WikidataId"": ""Q408"", ""Confidence"": 0.944, ""OccurrenceOffsets"": [53], ""SurfaceForms"": [""Australia""]}]"	[]
N42474	news	newsbusiness	Trump's Trustbusters Bring Microsoft Lessons to Big Tech Fight	DOJ's Makan Delrahim and the FTC's Joe Simons have agreed to divide Google, Facebook, Amazon, and Apple between them.	https://assets.msn.com/labs/mind/AACI1SK.html	"[{""Label"": ""Big Four tech companies"", ""Type"": ""U"", ""WikidataId"": ""Q3122864"", ""Confidence"": 0.988, ""OccurrenceOffsets"": [48], ""SurfaceForms"": [""Big Tech""]}, {""Label"": ""Donald Trump"", ""Type"": ""P"", ""WikidataId"": ""Q22686"", ""Confidence"": 0.978, ""OccurrenceOffsets"": [0], ""SurfaceForms"": [""Trump""]}]"	"[{""Label"": ""Makan Delrahim"", ""Type"": ""P"", ""WikidataId"": ""Q29474280"", ""Confidence"": 1.0, ""OccurrenceOffsets"": [6], ""SurfaceForms"": [""Makan Delrahim""]}, {""Label"": ""Joseph Simons"", ""Type"": ""P"", ""WikidataId"": ""Q48968552"", ""Confidence"": 0.999, ""OccurrenceOffsets"": [35], ""SurfaceForms"": [""Joe Simons""]}, {""Label"": ""Google"", ""Type"": ""O"", ""WikidataId"": ""Q95"", ""Confidence"": 1.0, ""OccurrenceOffsets"": [68], ""SurfaceForms"": [""Google""]}, {""Label"": ""Facebook"", ""Type"": ""O"", ""WikidataId"": ""Q355"", ""Confidence"": 1.0, ""OccurrenceOffsets"": [76], ""SurfaceForms"": [""Facebook""]}, {""Label"": ""Apple Inc."", ""Type"": ""O"", ""WikidataId"": ""Q312"", ""Confidence"": 1.0, ""OccurrenceOffsets"": [98], ""SurfaceForms"": [""Apple""]}, {""Label"": ""Amazon (company)"", ""Type"": ""O"", ""WikidataId"": ""Q3884"", ""Confidence"": 1.0, ""OccurrenceOffsets"": [86], ""SurfaceForms"": [""Amazon""]}]"
N64498	sports	golf	PGA Tour winners	A gallery of recent winners on the PGA Tour.	https://assets.msn.com/labs/mind/AAjnQjj.html	"[{""Label"": ""PGA Tour"", ""Type"": ""O"", ""WikidataId"": ""Q910409"", ""Confidence"": 1.0, ""OccurrenceOffsets"": [0], ""SurfaceForms"": [""PGA Tour""]}]"	"[{""Label"": ""PGA Tour"", ""Type"": ""O"", ""WikidataId"": ""Q910409"", ""Confidence"": 1.0, ""OccurrenceOffsets"": [35], ""SurfaceForms"": [""PGA Tour""]}]"
N7517	lifestyle	lifestylepetsanimals	10 Things You Never Knew About Owls	With their huge eyes, sharp talons, and swiveling heads, owls are mysterious creatures.	https://assets.msn.com/labs/mind/AAEw1Zd.html	[]	[]
N63665	foodanddrink	recipes	25 Last-Minute Ideas That Will Absolutely Save Your Holiday Dinner	These last-minute ideas will make you excited for the (sometimes-stressful) holiday. The post 25 Last-Minute Ideas That Will Absolutely Save Your Holidays appeared first on Taste of Home.	https://assets.msn.com/labs/mind/AAHYMgP.html	[]	"[{""Label"": ""Christmas and holiday season"", ""Type"": ""C"", ""WikidataId"": ""Q3517772"", ""Confidence"": 0.945, ""OccurrenceOffsets"": [146], ""SurfaceForms"": [""Holidays""]}, {""Label"": ""25 (Adele album)"", ""Type"": ""W"", ""WikidataId"": ""Q21168841"", ""Confidence"": 0.968, ""OccurrenceOffsets"": [94], ""SurfaceForms"": [""25""]}, {""Label"": ""Taste of Home"", ""Type"": ""M"", ""WikidataId"": ""Q7687701"", ""Confidence"": 1.0, ""OccurrenceOffsets"": [173], ""SurfaceForms"": [""Taste of Home""]}]"
N59469	lifestyle	lifestyleroyals	Every outfit Duchess Kate has worn in 2019	See Kate Middleton's style choices this year from glam gowns and coat dresses to re-wears, tiaras and hats.	https://assets.msn.com/labs/mind/AABvaDh.html	[]	"[{""Label"": ""Catherine, Duchess of Cambridge"", ""Type"": ""P"", ""WikidataId"": ""Q10479"", ""Confidence"": 1.0, ""OccurrenceOffsets"": [4], ""SurfaceForms"": [""Kate Middleton""]}]"
N57356	news	newsscienceandtechnology	New iPad Pro 2019 release date, price, news and leaks	Apple is likely gearing up to release a new series of iPad Pro tablets, so this is what we know and what we want to see.	https://assets.msn.com/labs/mind/AAGZjoR.html	"[{""Label"": ""IPad Pro"", ""Type"": ""U"", ""WikidataId"": ""Q20962060"", ""Confidence"": 1.0, ""OccurrenceOffsets"": [4], ""SurfaceForms"": [""iPad Pro""]}]"	"[{""Label"": ""Apple Inc."", ""Type"": ""O"", ""WikidataId"": ""Q312"", ""Confidence"": 0.999, ""OccurrenceOffsets"": [0], ""SurfaceForms"": [""Apple""]}, {""Label"": ""IPad Pro"", ""Type"": ""U"", ""WikidataId"": ""Q20962060"", ""Confidence"": 1.0, ""OccurrenceOffsets"": [54], ""SurfaceForms"": [""iPad Pro""]}]"
N15926	health	weightloss	These Simple Diet Changes Helped This Guy Lose 75 Pounds in 9 Months	The part of me that knew I had to make changes took control.	https://assets.msn.com/labs/mind/AAB207a.html	[]	[]
N43620	news	newsworld	Without help from US, UN climate fund struggles to meet goal	Rich countries gathered Thursday in France to discuss replenishing an international fund that is meant to help poor nations tackle climate change, but which is falling short of its targets because the U.S. has stopped contributing.	https://assets.msn.com/labs/mind/AAJgO34.html	"[{""Label"": ""United Nations"", ""Type"": ""O"", ""WikidataId"": ""Q1065"", ""Confidence"": 0.996, ""OccurrenceOffsets"": [22], ""SurfaceForms"": [""UN""]}]"	"[{""Label"": ""France"", ""Type"": ""G"", ""WikidataId"": ""Q142"", ""Confidence"": 0.996, ""OccurrenceOffsets"": [36], ""SurfaceForms"": [""France""]}]"
N60603	entertainment	gaming	Best PS4 games 2019: play great PlayStation 4 games	These are the best PS4 games available today, from Sony's awesome exclusives to third-party must plays	https://assets.msn.com/labs/mind/AACkFyc.html	"[{""Label"": ""PlayStation 4"", ""Type"": ""J"", ""WikidataId"": ""Q5014725"", ""Confidence"": 1.0, ""OccurrenceOffsets"": [5, 32], ""SurfaceForms"": [""PS4"", ""PlayStation 4""]}]"	"[{""Label"": ""PlayStation 4"", ""Type"": ""J"", ""WikidataId"": ""Q5014725"", ""Confidence"": 1.0, ""OccurrenceOffsets"": [19], ""SurfaceForms"": [""PS4""]}, {""Label"": ""Sony"", ""Type"": ""O"", ""WikidataId"": ""Q41187"", ""Confidence"": 0.936, ""OccurrenceOffsets"": [51], ""SurfaceForms"": [""Sony""]}]"
N40078	tv	tv-gallery	The 23 Best TV Reboots of All Time	These TV reboots are the best in their class. Find out which show revivals outshine the competition, or even steal the spotlight from their own originals.	https://assets.msn.com/labs/mind/AAI343h.html	[]	[]
N61409	news	newsscienceandtechnology	Netflix hackers: Why they steal passwords	Netflix accounts don't really offer the selling potential stolen Facebook accounts do, but they still tempt a subset of hackers.	https://assets.msn.com/labs/mind/AAGBXF6.html	"[{""Label"": ""Netflix"", ""Type"": ""O"", ""WikidataId"": ""Q907311"", ""Confidence"": 1.0, ""OccurrenceOffsets"": [0], ""SurfaceForms"": [""Netflix""]}]"	"[{""Label"": ""Netflix"", ""Type"": ""O"", ""WikidataId"": ""Q907311"", ""Confidence"": 1.0, ""OccurrenceOffsets"": [0], ""SurfaceForms"": [""Netflix""]}, {""Label"": ""Facebook"", ""Type"": ""O"", ""WikidataId"": ""Q355"", ""Confidence"": 1.0, ""OccurrenceOffsets"": [65], ""SurfaceForms"": [""Facebook""]}]"
N46013	foodanddrink	recipes	20 Must-Try Gravy Recipes for Your Thanksgiving Feast	Turkey just isn't the same without it.	https://assets.msn.com/labs/mind/AAAAUcn.html	[]	[]
N50643	weather	weathertopstories	A little snow causes a big mess, more than 100 crashes on Minnesota roads	A snowfall of a mere one-tenth of an inch caused way more than its share of damaged cars and rattled drivers early Saturday, with 118 crashes reported between 6 a.m. and 11:30 a.m., according to the Minnesota State Patrol. Another 22 vehicles spun out or slid off the slick roads, said State Patrol spokesman Lt. Gordon Shank. No weather-related fatalities were reported. Although 18 people were ...	https://assets.msn.com/labs/mind/AAJJZkz.html	"[{""Label"": ""Minnesota"", ""Type"": ""G"", ""WikidataId"": ""Q1527"", ""Confidence"": 0.986, ""OccurrenceOffsets"": [58], ""SurfaceForms"": [""Minnesota""]}]"	"[{""Label"": ""Minnesota State Patrol"", ""Type"": ""O"", ""WikidataId"": ""Q6868552"", ""Confidence"": 1.0, ""OccurrenceOffsets"": [199, 286], ""SurfaceForms"": [""Minnesota State Patrol"", ""State Patrol""]}]"
N60723	news	newsworld	Extinction Rebellion wins court challenge against London police	A blanket ban against the climate change activist's 10-day demonstrations across London in October was ruled unlawful.	https://assets.msn.com/labs/mind/AAJWD7d.html	"[{""Label"": ""Extinction Rebellion"", ""Type"": ""N"", ""WikidataId"": ""Q58819597"", ""Confidence"": 1.0, ""OccurrenceOffsets"": [0], ""SurfaceForms"": [""Extinction Rebellion""]}]"	"[{""Label"": ""London"", ""Type"": ""G"", ""WikidataId"": ""Q84"", ""Confidence"": 0.98, ""OccurrenceOffsets"": [81], ""SurfaceForms"": [""London""]}]"
N63175	sports	basketball_nba	LA rivalry takes on new meaning for fans as Lakers, Clippers in hunt for NBA championship	"NBA Finals MVP Kawhi Leonard and other Clippers say they are used to taunts and booing from Lakers fans, who are ""like a religion"" in Tinseltown."	https://assets.msn.com/labs/mind/AAJaBQj.html	"[{""Label"": ""Los Angeles Clippers"", ""Type"": ""O"", ""WikidataId"": ""Q976396"", ""Confidence"": 1.0, ""OccurrenceOffsets"": [52], ""SurfaceForms"": [""Clippers""]}, {""Label"": ""National Basketball Association"", ""Type"": ""O"", ""WikidataId"": ""Q155223"", ""Confidence"": 1.0, ""OccurrenceOffsets"": [73], ""SurfaceForms"": [""NBA""]}]"	"[{""Label"": ""Los Angeles Clippers"", ""Type"": ""O"", ""WikidataId"": ""Q976396"", ""Confidence"": 1.0, ""OccurrenceOffsets"": [39], ""SurfaceForms"": [""Clippers""]}, {""Label"": ""Kawhi Leonard"", ""Type"": ""P"", ""WikidataId"": ""Q926248"", ""Confidence"": 1.0, ""OccurrenceOffsets"": [15], ""SurfaceForms"": [""Kawhi Leonard""]}, {""Label"": ""NBA Finals Most Valuable Player Award"", ""Type"": ""N"", ""WikidataId"": ""Q739499"", ""Confidence"": 1.0, ""OccurrenceOffsets"": [0], ""SurfaceForms"": [""NBA Finals MVP""]}]"
N22028	lifestyle	lifestylebuzz	Mom with schizophrenia, 6-year-old daughter missing in Queens		https://assets.msn.com/labs/mind/AAJfTsZ.html	"[{""Label"": ""Queens"", ""Type"": ""G"", ""WikidataId"": ""Q18424"", ""Confidence"": 1.0, ""OccurrenceOffsets"": [55], ""SurfaceForms"": [""Queens""]}]"	[]
N8795	lifestyle	shop-all	5 Things You Probably Shouldn't Be Buying from Costco	Bigger isn't always better, and some items sell for way cheaper at the supermarket than the warehouse.	https://assets.msn.com/labs/mind/AABmnFz.html	"[{""Label"": ""Costco"", ""Type"": ""O"", ""WikidataId"": ""Q715583"", ""Confidence"": 1.0, ""OccurrenceOffsets"": [47], ""SurfaceForms"": [""Costco""]}, {""Label"": ""English modal verbs"", ""Type"": ""C"", ""WikidataId"": ""Q1624317"", ""Confidence"": 1.0, ""OccurrenceOffsets"": [22], ""SurfaceForms"": [""Shouldn't""]}]"	[]
N43647	news	newsphotos	POWER RANKING: Here's who has the best chance of becoming the 2020 Democratic presidential nominee	We've combined Insider polling and results of Morning Consult's daily survey to create a weekly power ranking of the potential 2020 candidates.	https://assets.msn.com/labs/mind/AAAKxi7.html	[]	"[{""Label"": ""Insider Inc."", ""Type"": ""N"", ""WikidataId"": ""Q55669360"", ""Confidence"": 0.946, ""OccurrenceOffsets"": [15], ""SurfaceForms"": [""Insider""]}, {""Label"": ""Morning Consult"", ""Type"": ""O"", ""WikidataId"": ""Q28401695"", ""Confidence"": 1.0, ""OccurrenceOffsets"": [46], ""SurfaceForms"": [""Morning Consult""]}]"
N41835	news	newsworld	Today in History: November 2		https://assets.msn.com/labs/mind/AAJwpBS.html	[]	[]
N8071	lifestyle	lifestyleroyals	25 Photos of the Royal Family at Balmoral Castle, Queen Elizabeth's Favorite Home	The royal family has been visiting the Scottish estate for more than a century.	https://assets.msn.com/labs/mind/AAGBY83.html	"[{""Label"": ""Balmoral Castle"", ""Type"": ""S"", ""WikidataId"": ""Q42049"", ""Confidence"": 1.0, ""OccurrenceOffsets"": [33], ""SurfaceForms"": [""Balmoral Castle""]}]"	[]
N26926	lifestyle	voices	I'm Afraid to Tell My Male Bosses I'm Pregnant	Women with children are considered less competent than those without. The longer I can pretend I'm one of the women without, the better.	https://assets.msn.com/labs/mind/AACIMEV.html	"[{""Label"": ""Pregnancy"", ""Type"": ""C"", ""WikidataId"": ""Q11995"", ""Confidence"": 0.998, ""OccurrenceOffsets"": [38], ""SurfaceForms"": [""Pregnant""]}]"	[]
N49265	foodanddrink	recipes	These Cranberry Sauce Recipes Are Perfect for Thanksgiving Dinner	You'll never want the store-bought version ever again.	https://assets.msn.com/labs/mind/AAAAxVC.html	"[{""Label"": ""Cranberry sauce"", ""Type"": ""C"", ""WikidataId"": ""Q2915430"", ""Confidence"": 1.0, ""OccurrenceOffsets"": [6], ""SurfaceForms"": [""Cranberry Sauce""]}]"	[]
N5124	sports	basketball_ncaa	Phil Fulmer blasts NCAA after key Tennessee freshman denied eligibility	Uros Plavsic, a redshirt freshman who transferred from Arizona State after a coaching change, will not be allowed to suit up for the Vols this season.	https://assets.msn.com/labs/mind/AAJJZo7.html	"[{""Label"": ""Phillip Fulmer"", ""Type"": ""P"", ""WikidataId"": ""Q7185676"", ""Confidence"": 1.0, ""OccurrenceOffsets"": [0], ""SurfaceForms"": [""Phil Fulmer""]}, {""Label"": ""National Collegiate Athletic Association"", ""Type"": ""O"", ""WikidataId"": ""Q271805"", ""Confidence"": 0.998, ""OccurrenceOffsets"": [19], ""SurfaceForms"": [""NCAA""]}]"	[]
N42777	lifestyle	lifestyleroyals	Prince George's Royal Life in Photos	Photos of the future king of England   who is third in line for the throne, behind his father and Prince Charles.	https://assets.msn.com/labs/mind/AABDkOp.html	[]	"[{""Label"": ""Charles, Prince of Wales"", ""Type"": ""P"", ""WikidataId"": ""Q43274"", ""Confidence"": 1.0, ""OccurrenceOffsets"": [98], ""SurfaceForms"": [""Prince Charles""]}]"
N41387	tv	tv-gallery	Can you answer these real Jeopardy questions about TV shows?	"Culling data straight from the ""Jeopardy!"" archives, Stacker will provide a ""clue"" about TV shows and then present the answer in the form of a question on the following slide. Can you answer these real ""Jeopardy!"" questions about TV shows?"	https://assets.msn.com/labs/mind/AABs6Gq.html	"[{""Label"": ""Jeopardy!"", ""Type"": ""W"", ""WikidataId"": ""Q499767"", ""Confidence"": 0.985, ""OccurrenceOffsets"": [26], ""SurfaceForms"": [""Jeopardy""]}]"	"[{""Label"": ""Jeopardy!"", ""Type"": ""W"", ""WikidataId"": ""Q499767"", ""Confidence"": 0.985, ""OccurrenceOffsets"": [32, 203], ""SurfaceForms"": [""Jeopardy"", ""Jeopardy""]}]"
N41106	sports	golf	Randall's Rant: Is Tiger already the GOAT without 18 majors?	We may never understand what Tiger Woods has gone through off the golf course, but even so, does that make him the GOAT without 18 majors?	https://assets.msn.com/labs/mind/AAJwfU7.html	"[{""Label"": ""Tiger Woods"", ""Type"": ""P"", ""WikidataId"": ""Q10993"", ""Confidence"": 0.997, ""OccurrenceOffsets"": [19], ""SurfaceForms"": [""Tiger""]}]"	"[{""Label"": ""Tiger Woods"", ""Type"": ""P"", ""WikidataId"": ""Q10993"", ""Confidence"": 0.997, ""OccurrenceOffsets"": [29], ""SurfaceForms"": [""Tiger Woods""]}]"
N37243	finance	finance-real-estate	The 25 most desirable places to live in the US in 2019	Check out where U.S. residents would live if they could.	https://assets.msn.com/labs/mind/AABvlID.html	[]	"[{""Label"": ""United States"", ""Type"": ""G"", ""WikidataId"": ""Q30"", ""Confidence"": 0.991, ""OccurrenceOffsets"": [16], ""SurfaceForms"": [""U.S.""]}]"
N20139	foodanddrink	quickandeasy	40+ Stuffed Pasta Recipes You'll Want To Make Every Night	Stuff yourself.	https://assets.msn.com/labs/mind/AAGaNFS.html	[]	[]
N9680	tv	tv-celebrity	'Bachelor's Amanda Stanton Is Dating 'Rich Kids of Beverly Hills' Star Brendan Fitzpatrick	The mom of two opened up to ET about her dating life in August.	https://assets.msn.com/labs/mind/AAISxYG.html	"[{""Label"": ""Rich Kids of Beverly Hills"", ""Type"": ""W"", ""WikidataId"": ""Q20641700"", ""Confidence"": 1.0, ""OccurrenceOffsets"": [38], ""SurfaceForms"": [""Rich Kids of Beverly Hills""]}]"	"[{""Label"": ""Eastern Time Zone"", ""Type"": ""U"", ""WikidataId"": ""Q941023"", ""Confidence"": 0.983, ""OccurrenceOffsets"": [28], ""SurfaceForms"": [""ET""]}]"
N35518	health	voices	I'm Sorry, But Please Do Not Put Your Purse On My Couch	Welcome to my house, please drop your bag right there.	https://assets.msn.com/labs/mind/AAEKz14.html	[]	[]
N60434	lifestyle	lifestyleroyals	It's Not All About the Corgis - Here Are the Royal Family's Other Beloved Pets	We all know how much Queen Elizabeth loved her Corgis.	https://assets.msn.com/labs/mind/AADmbCD.html	"[{""Label"": ""Royal corgis"", ""Type"": ""N"", ""WikidataId"": ""Q7270307"", ""Confidence"": 0.988, ""OccurrenceOffsets"": [23], ""SurfaceForms"": [""Corgis""]}]"	"[{""Label"": ""Royal corgis"", ""Type"": ""N"", ""WikidataId"": ""Q7270307"", ""Confidence"": 0.988, ""OccurrenceOffsets"": [47], ""SurfaceForms"": [""Corgis""]}, {""Label"": ""Elizabeth II"", ""Type"": ""P"", ""WikidataId"": ""Q9682"", ""Confidence"": 0.941, ""OccurrenceOffsets"": [21], ""SurfaceForms"": [""Queen Elizabeth""]}]"
N48239	autos	autosenthusiasts	2020 Toyota Supra GT4 details announced, makes 429 horsepower	It goes on sale next year	https://assets.msn.com/labs/mind/AAJwpE1.html	[]	[]
N40045	travel	travelnews	Tim Burton's Original Art Is on Display at the Neon Museum in Las Vegas	A rare retrospective dedicated to the filmmaker's eccentric style marks the first time in nearly a decade that his artworks have been on display in the United States.	https://assets.msn.com/labs/mind/AAEmAHg.html	"[{""Label"": ""Tim Burton"", ""Type"": ""P"", ""WikidataId"": ""Q56008"", ""Confidence"": 1.0, ""OccurrenceOffsets"": [0], ""SurfaceForms"": [""Tim Burton""]}, {""Label"": ""Neon Museum"", ""Type"": ""F"", ""WikidataId"": ""Q6993430"", ""Confidence"": 0.998, ""OccurrenceOffsets"": [47], ""SurfaceForms"": [""Neon Museum""]}, {""Label"": ""Las Vegas"", ""Type"": ""G"", ""WikidataId"": ""Q23768"", ""Confidence"": 0.99, ""OccurrenceOffsets"": [62], ""SurfaceForms"": [""Las Vegas""]}]"	"[{""Label"": ""United States"", ""Type"": ""G"", ""WikidataId"": ""Q30"", ""Confidence"": 0.981, ""OccurrenceOffsets"": [152], ""SurfaceForms"": [""United States""]}]"
N43946	movies	movies-gallery	16 Live-Action Disney Movies in the Works After 'Maleficent: Mistress of Evil' (Photos)	"The studio is raiding its vault to remake classics including ""Mulan"""	https://assets.msn.com/labs/mind/AABDmxB.html	"[{""Label"": ""Maleficent: Mistress of Evil"", ""Type"": ""N"", ""WikidataId"": ""Q54437950"", ""Confidence"": 1.0, ""OccurrenceOffsets"": [49], ""SurfaceForms"": [""Maleficent: Mistress of Evil""]}]"	"[{""Label"": ""Mulan (1998 film)"", ""Type"": ""W"", ""WikidataId"": ""Q537407"", ""Confidence"": 0.921, ""OccurrenceOffsets"": [62], ""SurfaceForms"": [""Mulan""]}]"
N10836	foodanddrink	tipsandtricks	100 Genius Tips that Will Make Your Holidays So Much Better	From grocery shopping to cooking to using up the leftovers, we've assembled expert tips to help you through the holiday season.	https://assets.msn.com/labs/mind/AAHYSQQ.html	"[{""Label"": ""Christmas and holiday season"", ""Type"": ""C"", ""WikidataId"": ""Q3517772"", ""Confidence"": 0.924, ""OccurrenceOffsets"": [36], ""SurfaceForms"": [""Holidays""]}]"	[]
N49585	travel	traveltripideas	What's new in Germany and the Low Countries for 2019	Germany is famously a work in progress-- as are the nearby Low Countries-- and that includes their sightseeing attractions. In 2019, there's good news and a few important warnings for the smart traveler. To handle its ever-increasing number of visitors, Germany is busy renovating sights and...	https://assets.msn.com/labs/mind/AAEFJCX.html	"[{""Label"": ""Germany"", ""Type"": ""G"", ""WikidataId"": ""Q183"", ""Confidence"": 0.998, ""OccurrenceOffsets"": [14], ""SurfaceForms"": [""Germany""]}]"	"[{""Label"": ""Germany"", ""Type"": ""G"", ""WikidataId"": ""Q183"", ""Confidence"": 0.998, ""OccurrenceOffsets"": [0, 254], ""SurfaceForms"": [""Germany"", ""Germany""]}]"
N24798	lifestyle	lifestylebuzz	Millennials are killing purse sales and replacing them with backpacks	Sales of women's backpacks are consistently rising, experts say.	https://assets.msn.com/labs/mind/AABvuF4.html	[]	[]
N64668	autos	autosbuying	23 Things Car Dealerships Don't Want You To Know	With these secrets, you can get the best deal.	https://assets.msn.com/labs/mind/AADRSdD.html	"[{""Label"": ""Car dealership"", ""Type"": ""C"", ""WikidataId"": ""Q786803"", ""Confidence"": 1.0, ""OccurrenceOffsets"": [10], ""SurfaceForms"": [""Car Dealerships""]}, {""Label"": ""White Light Parade"", ""Type"": ""O"", ""WikidataId"": ""Q15044972"", ""Confidence"": 1.0, ""OccurrenceOffsets"": [32], ""SurfaceForms"": [""Want You To Know""]}]"	[]
N27435	sports	more_sports	Locked On Suns Wednesday: Suns blast Kings to begin 2019-20 season	What a way to begin the season for the Phoenix Suns, winning 124-95 over the Kings.	https://assets.msn.com/labs/mind/AAJgOKk.html	"[{""Label"": ""Phoenix Suns"", ""Type"": ""O"", ""WikidataId"": ""Q164177"", ""Confidence"": 1.0, ""OccurrenceOffsets"": [10, 26], ""SurfaceForms"": [""Suns"", ""Suns""]}, {""Label"": ""Sacramento Kings"", ""Type"": ""O"", ""WikidataId"": ""Q166105"", ""Confidence"": 0.993, ""OccurrenceOffsets"": [37], ""SurfaceForms"": [""Kings""]}]"	"[{""Label"": ""Phoenix Suns"", ""Type"": ""O"", ""WikidataId"": ""Q164177"", ""Confidence"": 1.0, ""OccurrenceOffsets"": [39], ""SurfaceForms"": [""Phoenix Suns""]}, {""Label"": ""Sacramento Kings"", ""Type"": ""O"", ""WikidataId"": ""Q166105"", ""Confidence"": 0.993, ""OccurrenceOffsets"": [77], ""SurfaceForms"": [""Kings""]}]"
N3395	tv	tv-gallery	TV shows we're most excited about for the rest of the year	"From HBO originals like ""His Dark Materials"" to the new season of Netflix's ""The Crown,"" here are some of the shows we can't wait to watch."	https://assets.msn.com/labs/mind/AAGC54l.html	[]	"[{""Label"": ""HBO"", ""Type"": ""O"", ""WikidataId"": ""Q23633"", ""Confidence"": 1.0, ""OccurrenceOffsets"": [5], ""SurfaceForms"": [""HBO""]}, {""Label"": ""His Dark Materials"", ""Type"": ""U"", ""WikidataId"": ""Q129240"", ""Confidence"": 0.926, ""OccurrenceOffsets"": [25], ""SurfaceForms"": [""His Dark Materials""]}, {""Label"": ""Netflix"", ""Type"": ""O"", ""WikidataId"": ""Q907311"", ""Confidence"": 1.0, ""OccurrenceOffsets"": [66], ""SurfaceForms"": [""Netflix""]}]"
N53133	lifestyle	shop-apparel	The Absolute Best One-piece Bathing Suits of 2019	One-piece bathing suits are arguably the best kind you can wear them with jeans once summer is over. Here are the best and trendiest one-pieces to buy.	https://assets.msn.com/labs/mind/AABDu5D.html	"[{""Label"": ""One-piece swimsuit"", ""Type"": ""C"", ""WikidataId"": ""Q2736850"", ""Confidence"": 0.999, ""OccurrenceOffsets"": [18], ""SurfaceForms"": [""One-piece""]}]"	"[{""Label"": ""One-piece swimsuit"", ""Type"": ""C"", ""WikidataId"": ""Q2736850"", ""Confidence"": 0.999, ""OccurrenceOffsets"": [0], ""SurfaceForms"": [""One-piece""]}]"
N30702	lifestyle	voices	40 Things I Wish I Could Tell My Younger Self	From celebrities to scientists, doctors to artists, we asked some very successful people to share what they wish they had known when they were younger. You and your kids get all the great advice no time machine needed! The post 40 Things I Wish I Could Tell My Younger Self appeared first on Reader's Digest.	https://assets.msn.com/labs/mind/AADLU28.html	[]	"[{""Label"": ""Reader's Digest"", ""Type"": ""M"", ""WikidataId"": ""Q371820"", ""Confidence"": 0.999, ""OccurrenceOffsets"": [292], ""SurfaceForms"": [""Reader's Digest""]}]"
N14538	autos	autostrucks	Why Is This Weird Chevy Colorado Test Mule Trolling Ford HQ?	It could be a Bronco test vehicle wearing a Bow Tie disguise, but some things don't add up.	https://assets.msn.com/labs/mind/AAEwL70.html	"[{""Label"": ""Ford Motor Company"", ""Type"": ""O"", ""WikidataId"": ""Q44294"", ""Confidence"": 0.999, ""OccurrenceOffsets"": [52], ""SurfaceForms"": [""Ford""]}]"	"[{""Label"": ""Ford Bronco"", ""Type"": ""V"", ""WikidataId"": ""Q534238"", ""Confidence"": 1.0, ""OccurrenceOffsets"": [14], ""SurfaceForms"": [""Bronco""]}, {""Label"": ""Grasshopper (rocket)"", ""Type"": ""U"", ""WikidataId"": ""Q5597534"", ""Confidence"": 1.0, ""OccurrenceOffsets"": [21], ""SurfaceForms"": [""test vehicle""]}]"
N37188	lifestyle	lifestyledidyouknow	20 Words and Phrases You Had No Idea Were Coined in New York City	Hey, youz! Check out all these vocab gems that were born in New York City! The post 20 Words and Phrases You Had No Idea Were Coined in New York City appeared first on Reader's Digest.	https://assets.msn.com/labs/mind/AAHYStZ.html	"[{""Label"": ""New York City"", ""Type"": ""G"", ""WikidataId"": ""Q60"", ""Confidence"": 1.0, ""OccurrenceOffsets"": [52], ""SurfaceForms"": [""New York City""]}, {""Label"": ""No Idea Records"", ""Type"": ""O"", ""WikidataId"": ""Q1157038"", ""Confidence"": 0.995, ""OccurrenceOffsets"": [29], ""SurfaceForms"": [""No Idea""]}]"	"[{""Label"": ""New York City"", ""Type"": ""G"", ""WikidataId"": ""Q60"", ""Confidence"": 1.0, ""OccurrenceOffsets"": [60, 136], ""SurfaceForms"": [""New York City"", ""New York City""]}, {""Label"": ""No Idea Records"", ""Type"": ""O"", ""WikidataId"": ""Q1157038"", ""Confidence"": 0.995, ""OccurrenceOffsets"": [113], ""SurfaceForms"": [""No Idea""]}, {""Label"": ""Reader's Digest"", ""Type"": ""M"", ""WikidataId"": ""Q371820"", ""Confidence"": 0.999, ""OccurrenceOffsets"": [168], ""SurfaceForms"": [""Reader's Digest""]}]"
N1032	sports	racing	All of Kevin Harvick's Monster Energy Series victories	Recap all of Kevin Harvick's Monster Energy NASCAR Cup Series wins throughout his career in the sport's top series.	https://assets.msn.com/labs/mind/AAEFXBf.html	"[{""Label"": ""Kevin Harvick"", ""Type"": ""P"", ""WikidataId"": ""Q739092"", ""Confidence"": 1.0, ""OccurrenceOffsets"": [7], ""SurfaceForms"": [""Kevin Harvick""]}]"	"[{""Label"": ""NASCAR Cup Series"", ""Type"": ""N"", ""WikidataId"": ""Q2707177"", ""Confidence"": 1.0, ""OccurrenceOffsets"": [29], ""SurfaceForms"": [""Monster Energy NASCAR Cup Series""]}, {""Label"": ""Kevin Harvick"", ""Type"": ""P"", ""WikidataId"": ""Q739092"", ""Confidence"": 1.0, ""OccurrenceOffsets"": [13], ""SurfaceForms"": [""Kevin Harvick""]}]"
N30953	foodanddrink	newstrends	PCC Community Markets Plans Its First Fast Casual Restaurant Inside New Ballard Store	The massive PCC outpost will open November 13	https://assets.msn.com/labs/mind/AAJfTtm.html	"[{""Label"": ""PCC Community Markets"", ""Type"": ""O"", ""WikidataId"": ""Q7118517"", ""Confidence"": 1.0, ""OccurrenceOffsets"": [0], ""SurfaceForms"": [""PCC Community Markets""]}]"	"[{""Label"": ""PCC Community Markets"", ""Type"": ""O"", ""WikidataId"": ""Q7118517"", ""Confidence"": 1.0, ""OccurrenceOffsets"": [12], ""SurfaceForms"": [""PCC""]}]"
N10886	foodanddrink	restaurantsandnews	Where to Find a Good, Cheap Sandwich in Every State	Have a craving for a great sandwich? These 50 restaurants have you covered whether your favorites include classic subs, Mexican tortas, Vietnamese banh mi, or old-fashioned barbecue. Take a look at what's available in your state and check out the unique combinations diners are enjoying all across the country.	https://assets.msn.com/labs/mind/AAGaSZu.html	[]	[]
N52386	foodanddrink	restaurantsandnews	16 major chains where you can buy plant-based versions of your fast-food favorites	Plant-based burgers are coming into the mainstream. Here are the chains where you can buy the Beyond Burger and the Impossible Burger.	https://assets.msn.com/labs/mind/AABp60R.html	[]	"[{""Label"": ""Beyond Meat"", ""Type"": ""O"", ""WikidataId"": ""Q18205509"", ""Confidence"": 1.0, ""OccurrenceOffsets"": [94], ""SurfaceForms"": [""Beyond Burger""]}, {""Label"": ""Impossible Foods"", ""Type"": ""O"", ""WikidataId"": ""Q21515382"", ""Confidence"": 1.0, ""OccurrenceOffsets"": [116], ""SurfaceForms"": [""Impossible Burger""]}, {""Label"": ""Plant-based diet"", ""Type"": ""U"", ""WikidataId"": ""Q7201457"", ""Confidence"": 1.0, ""OccurrenceOffsets"": [0], ""SurfaceForms"": [""Plant-based""]}]"
N22218	lifestyle	lifestylemindandsoul	Do You Hate Meditating? So Do These People, But They Do It Anyway	We all know we should meditate; from mitigating chronic pain to easing the physical symptoms of anxiety, meditation has long been touted as a panacea for the people. In fact, meditation is the fastest-growing health trend in the U.S., and with new apps and retreats being introduced every day, it doesn't look like it's slowing	https://assets.msn.com/labs/mind/AAB2vyJ.html	[]	"[{""Label"": ""United States"", ""Type"": ""G"", ""WikidataId"": ""Q30"", ""Confidence"": 0.996, ""OccurrenceOffsets"": [229], ""SurfaceForms"": [""U.S.""]}]"
N57388	sports	baseball_mlb	So far the World Series is one big reminder that you can't predict October baseball	You only needed to stand by the exit of Minute Maid Park for a few minutes in the eighth inning of World Series Game 2 to know what Astros fans thought of the mauling that was still taking place.	https://assets.msn.com/labs/mind/AAJgOP5.html	"[{""Label"": ""World Series"", ""Type"": ""E"", ""WikidataId"": ""Q265538"", ""Confidence"": 0.951, ""OccurrenceOffsets"": [11], ""SurfaceForms"": [""World Series""]}]"	"[{""Label"": ""Houston Astros"", ""Type"": ""O"", ""WikidataId"": ""Q848117"", ""Confidence"": 1.0, ""OccurrenceOffsets"": [132], ""SurfaceForms"": [""Astros""]}, {""Label"": ""World Series"", ""Type"": ""E"", ""WikidataId"": ""Q265538"", ""Confidence"": 0.951, ""OccurrenceOffsets"": [99], ""SurfaceForms"": [""World Series""]}, {""Label"": ""Minute Maid Park"", ""Type"": ""S"", ""WikidataId"": ""Q1193671"", ""Confidence"": 1.0, ""OccurrenceOffsets"": [40], ""SurfaceForms"": [""Minute Maid Park""]}]"
N30389	entertainment	celebrity	40 Celebrity Mothers and Daughters at the Same Age	These are some good genes.	https://assets.msn.com/labs/mind/AAAM2R4.html	"[{""Label"": ""Mothers and Daughters (2016 film)"", ""Type"": ""W"", ""WikidataId"": ""Q20714861"", ""Confidence"": 1.0, ""OccurrenceOffsets"": [13], ""SurfaceForms"": [""Mothers and Daughters""]}]"	[]
N16104	foodanddrink	restaurantsandnews	The Top 50 Fast Food Restaurants in America	Find out how your favorite fast food joint stacks up against the rest.	https://assets.msn.com/labs/mind/AACJNCJ.html	"[{""Label"": ""Fast food restaurant"", ""Type"": ""C"", ""WikidataId"": ""Q1751429"", ""Confidence"": 1.0, ""OccurrenceOffsets"": [11], ""SurfaceForms"": [""Fast Food Restaurants""]}, {""Label"": ""United States"", ""Type"": ""G"", ""WikidataId"": ""Q30"", ""Confidence"": 0.99, ""OccurrenceOffsets"": [36], ""SurfaceForms"": [""America""]}, {""Label"": ""Top 40"", ""Type"": ""U"", ""WikidataId"": ""Q6148929"", ""Confidence"": 0.949, ""OccurrenceOffsets"": [4], ""SurfaceForms"": [""Top 50""]}]"	[]
N25540	finance	finance-saving-investing	Take heart, millennials: Investing is within your reach	News headlines might lead you to believe that millennials are striking out on a growing list of financial accomplishments.	https://assets.msn.com/labs/mind/AAEmGBr.html	[]	[]
N51343	video	viral	Viral college football fan under fire for past offensive tweets	"Carson King, who held up a sign on television asking for ""beer money,"" has raised $2 million for a children's hospital. This comes as his past offensive tweets were revealed in a newspaper profile. NBC's Molly Hunter reports for Weekend TODAY."	https://assets.msn.com/labs/mind/AAHYTLj.html	"[{""Label"": ""Viral video"", ""Type"": ""C"", ""WikidataId"": ""Q1030329"", ""Confidence"": 0.999, ""OccurrenceOffsets"": [0], ""SurfaceForms"": [""Viral""]}]"	"[{""Label"": ""Weekend Today"", ""Type"": ""W"", ""WikidataId"": ""Q7979443"", ""Confidence"": 1.0, ""OccurrenceOffsets"": [229], ""SurfaceForms"": [""Weekend TODAY""]}, {""Label"": ""NBC"", ""Type"": ""O"", ""WikidataId"": ""Q13974"", ""Confidence"": 0.998, ""OccurrenceOffsets"": [198], ""SurfaceForms"": [""NBC""]}]"
N60774	video	viral	Watch this priest perform a 'spirited' dance at pep rally	A priest in Fort Lauderdale, Florida, walked onto the scene as a cheer squad was performing a routine at a pep rally, and proceeded to give a whole new meaning to the term school spirit! TODAY's Hoda Kotb has your Morning Boost.	https://assets.msn.com/labs/mind/AAJwfcn.html	[]	"[{""Label"": ""Hoda Kotb"", ""Type"": ""P"", ""WikidataId"": ""Q5875916"", ""Confidence"": 1.0, ""OccurrenceOffsets"": [195], ""SurfaceForms"": [""Hoda Kotb""]}, {""Label"": ""Today (American TV program)"", ""Type"": ""N"", ""WikidataId"": ""Q130838"", ""Confidence"": 1.0, ""OccurrenceOffsets"": [187], ""SurfaceForms"": [""TODAY""]}, {""Label"": ""Fort Lauderdale, Florida"", ""Type"": ""G"", ""WikidataId"": ""Q165972"", ""Confidence"": 1.0, ""OccurrenceOffsets"": [12], ""SurfaceForms"": [""Fort Lauderdale""]}, {""Label"": ""Florida"", ""Type"": ""G"", ""WikidataId"": ""Q812"", ""Confidence"": 0.998, ""OccurrenceOffsets"": [29], ""SurfaceForms"": [""Florida""]}]"
N37129	finance	finance-taxes	Don't Be Like These Celebrities Convicted of Tax Evasion	These celebs were in hot water with the taxman.	https://assets.msn.com/labs/mind/AAEGGF9.html	"[{""Label"": ""Tax evasion"", ""Type"": ""C"", ""WikidataId"": ""Q6502151"", ""Confidence"": 1.0, ""OccurrenceOffsets"": [45], ""SurfaceForms"": [""Tax Evasion""]}]"	[]
N64723	sports	football_nfl	All eyes on Drew Brees as possibility of return nears	"Will this be the week Drew Brees returns as the Saints starting quarterback? ""That's the plan, we'll see,"" Brees responded when he was asked Wednesday about playing Sunday against the Arizona Cardinals. Brees had surgery to repair a ligament in his right thumb on Sept. 18. During Wednesday's walk-through practice Brees could be seen flexing his thumb, which was still in a brace. We will see what Brees' participation in the walk-through was after..."	https://assets.msn.com/labs/mind/AAJfTvv.html	"[{""Label"": ""Drew Brees"", ""Type"": ""P"", ""WikidataId"": ""Q38952"", ""Confidence"": 1.0, ""OccurrenceOffsets"": [12], ""SurfaceForms"": [""Drew Brees""]}]"	"[{""Label"": ""Drew Brees"", ""Type"": ""P"", ""WikidataId"": ""Q38952"", ""Confidence"": 1.0, ""OccurrenceOffsets"": [22, 107, 203, 315, 399], ""SurfaceForms"": [""Drew Brees"", ""Brees"", ""Brees"", ""Brees"", ""Brees""]}, {""Label"": ""New Orleans Saints"", ""Type"": ""O"", ""WikidataId"": ""Q172435"", ""Confidence"": 0.993, ""OccurrenceOffsets"": [48], ""SurfaceForms"": [""Saints""]}, {""Label"": ""Arizona Cardinals"", ""Type"": ""O"", ""WikidataId"": ""Q224164"", ""Confidence"": 1.0, ""OccurrenceOffsets"": [184], ""SurfaceForms"": [""Arizona Cardinals""]}]"
N3080	foodanddrink	newstrends	Restaurants to Satisfy Late Night Cravings in Louisville and Beyond	Maybe you need a tasty meal to eat after a long night of drinking and having fun, or perhaps you work the late shift. Either way, a restaurant that's open 24 hours or close to it is what you need. Here are restaurants where you can get a bite late at night or very, very early. See what Louisville has for night owls.	https://assets.msn.com/labs/mind/AAGaSrN.html	"[{""Label"": ""Louisville, Kentucky"", ""Type"": ""G"", ""WikidataId"": ""Q43668"", ""Confidence"": 0.946, ""OccurrenceOffsets"": [46], ""SurfaceForms"": [""Louisville""]}]"	"[{""Label"": ""Louisville, Kentucky"", ""Type"": ""G"", ""WikidataId"": ""Q43668"", ""Confidence"": 0.946, ""OccurrenceOffsets"": [287], ""SurfaceForms"": [""Louisville""]}]"
N40494	lifestyle	lifestyleroyals	Cutest photos of the royal Cambridge kids	See the best photos of Prince George, Princess Charlotte and Prince Louis!	https://assets.msn.com/labs/mind/AAAM6VA.html	[]	"[{""Label"": ""Prince Louis of Cambridge"", ""Type"": ""P"", ""WikidataId"": ""Q38668629"", ""Confidence"": 1.0, ""OccurrenceOffsets"": [61], ""SurfaceForms"": [""Prince Louis""]}, {""Label"": ""Prince George of Cambridge"", ""Type"": ""P"", ""WikidataId"": ""Q13590412"", ""Confidence"": 0.976, ""OccurrenceOffsets"": [23], ""SurfaceForms"": [""Prince George""]}, {""Label"": ""Princess Charlotte of Cambridge"", ""Type"": ""P"", ""WikidataId"": ""Q18002970"", ""Confidence"": 0.999, ""OccurrenceOffsets"": [38], ""SurfaceForms"": [""Princess Charlotte""]}]"
N15839	autos	autossuvs	2021 Cadillac Escalade's Interior Spied for Real	The next-gen SUV will be getting a large curved touchscreen atop the dashboard.	https://assets.msn.com/labs/mind/AAEL0fm.html	"[{""Label"": ""Cadillac Escalade"", ""Type"": ""V"", ""WikidataId"": ""Q830369"", ""Confidence"": 1.0, ""OccurrenceOffsets"": [5], ""SurfaceForms"": [""Cadillac Escalade""]}]"	"[{""Label"": ""Sport utility vehicle"", ""Type"": ""C"", ""WikidataId"": ""Q192152"", ""Confidence"": 1.0, ""OccurrenceOffsets"": [13], ""SurfaceForms"": [""SUV""]}]"
N19163	autos	autosenthusiasts	Veneno Roadster, One:1, One-77, LaFerrari, P1, Veyron headline 25-car Bonham's auction	Stunning collection was seized by European authorities.	https://assets.msn.com/labs/mind/AADmhGM.html	"[{""Label"": ""Aston Martin One-77"", ""Type"": ""V"", ""WikidataId"": ""Q750015"", ""Confidence"": 1.0, ""OccurrenceOffsets"": [24], ""SurfaceForms"": [""One-77""]}, {""Label"": ""Bonhams"", ""Type"": ""O"", ""WikidataId"": ""Q892447"", ""Confidence"": 1.0, ""OccurrenceOffsets"": [70], ""SurfaceForms"": [""Bonham""]}, {""Label"": ""LaFerrari"", ""Type"": ""V"", ""WikidataId"": ""Q3069684"", ""Confidence"": 1.0, ""OccurrenceOffsets"": [32], ""SurfaceForms"": [""LaFerrari""]}, {""Label"": ""Bugatti Veyron"", ""Type"": ""V"", ""WikidataId"": ""Q172610"", ""Confidence"": 0.999, ""OccurrenceOffsets"": [47], ""SurfaceForms"": [""Veyron""]}, {""Label"": ""Lamborghini Aventador"", ""Type"": ""V"", ""WikidataId"": ""Q318094"", ""Confidence"": 1.0, ""OccurrenceOffsets"": [0], ""SurfaceForms"": [""Veneno Roadster""]}, {""Label"": ""McLaren P1"", ""Type"": ""V"", ""WikidataId"": ""Q6407533"", ""Confidence"": 1.0, ""OccurrenceOffsets"": [43], ""SurfaceForms"": [""P1""]}]"	[]
N13343	lifestyle	lifestylebeauty	46 Mismatched Nail Ideas You'll Want to Copy Immediately	Why wear one shade when you can wear them all?	https://assets.msn.com/labs/mind/AACJcix.html	[]	[]
N60852	weather	weathertopstories	In Photos: Flooding across the globe	Millions of people have been displaced from their homes after torrential rains triggered floods and landslides across the globe.	https://assets.msn.com/labs/mind/AAEmMJu.html	[]	[]
N61864	news	newsopinion	The News In Cartoons	News as seen through the eyes of the nation's editorial cartoonists.	https://assets.msn.com/labs/mind/AABGTFJ.html	[]	[]
N36064	finance	finance-companies	More store closings coming: The list of retailers closing locations in 2019	More than 10 months into 2019, more than 8,600 stores are slated to close and more closings are expected. Is your favorite store closing?	https://assets.msn.com/labs/mind/AADN84N.html	[]	[]
N35788	autos	autosnews	Extreme Jeep Wrangler Prototype Caught Testing in Michigan	Could this be a peek at a future Wrangler variant with even more off-road capability?	https://assets.msn.com/labs/mind/AAEwmWX.html	"[{""Label"": ""Jeep Wrangler"", ""Type"": ""V"", ""WikidataId"": ""Q1353305"", ""Confidence"": 0.993, ""OccurrenceOffsets"": [8], ""SurfaceForms"": [""Jeep Wrangler""]}]"	"[{""Label"": ""Jeep Wrangler"", ""Type"": ""V"", ""WikidataId"": ""Q1353305"", ""Confidence"": 0.993, ""OccurrenceOffsets"": [33], ""SurfaceForms"": [""Wrangler""]}]"
N61167	movies	movies-gallery	Must-see biopics	Take a look at the greatest true-life biographical stories on the big screen.	https://assets.msn.com/labs/mind/AABsqwH.html	[]	[]
N27190	sports	football_nfl	Redskins place TE Jordan Reed on injured reserve, ending his season	The Redskins are calling it quits on the season for Jordan Reed, placing him on the IR as he continues to battle back from a concussion.	https://assets.msn.com/labs/mind/AAIGvDn.html	"[{""Label"": ""Jordan Reed"", ""Type"": ""P"", ""WikidataId"": ""Q6276908"", ""Confidence"": 1.0, ""OccurrenceOffsets"": [18], ""SurfaceForms"": [""Jordan Reed""]}, {""Label"": ""Washington Redskins"", ""Type"": ""O"", ""WikidataId"": ""Q212654"", ""Confidence"": 0.98, ""OccurrenceOffsets"": [0], ""SurfaceForms"": [""Redskins""]}, {""Label"": ""Tight end"", ""Type"": ""C"", ""WikidataId"": ""Q1153176"", ""Confidence"": 1.0, ""OccurrenceOffsets"": [15], ""SurfaceForms"": [""TE""]}]"	"[{""Label"": ""Jordan Reed"", ""Type"": ""P"", ""WikidataId"": ""Q6276908"", ""Confidence"": 1.0, ""OccurrenceOffsets"": [52], ""SurfaceForms"": [""Jordan Reed""]}, {""Label"": ""Washington Redskins"", ""Type"": ""O"", ""WikidataId"": ""Q212654"", ""Confidence"": 0.98, ""OccurrenceOffsets"": [4], ""SurfaceForms"": [""Redskins""]}]"
N9035	sports	football_nfl	NFL Week 9 Odds: Point Spreads, Betting Lines For All 14 Football Games	Another week has passed and still the New England Patriots and San Francisco ers remain undefeated. That very well could change in Week though particularly for the Patriots who have	https://assets.msn.com/labs/mind/AAJwfdx.html	[]	"[{""Label"": ""New England Patriots"", ""Type"": ""O"", ""WikidataId"": ""Q193390"", ""Confidence"": 1.0, ""OccurrenceOffsets"": [38, 164], ""SurfaceForms"": [""New England Patriots"", ""Patriots""]}]"
N19651	lifestyle	lifestyleshopping	27 products you only need to buy once in your life	Here are all of the brands with true lifetime warranties that will replace, repair, or refund you for your purchase, at any time.	https://assets.msn.com/labs/mind/AABw7ES.html	[]	[]
N22957	foodanddrink	restaurantsandnews	Ranking 26 fast-food fried-chicken sandwiches (including Popeyes)	The world has been abuzz this week with talk of Popeyes fried chicken sandwich. But how does it stack up in a packed field of competitors? Nick Kindelsperger of the Chicago Tribune offers up his view.	https://assets.msn.com/labs/mind/AAGaV0d.html	"[{""Label"": ""Popeyes"", ""Type"": ""O"", ""WikidataId"": ""Q1330910"", ""Confidence"": 1.0, ""OccurrenceOffsets"": [57], ""SurfaceForms"": [""Popeyes""]}]"	"[{""Label"": ""Popeyes"", ""Type"": ""O"", ""WikidataId"": ""Q1330910"", ""Confidence"": 1.0, ""OccurrenceOffsets"": [48], ""SurfaceForms"": [""Popeyes""]}, {""Label"": ""Chicago Tribune"", ""Type"": ""M"", ""WikidataId"": ""Q47596"", ""Confidence"": 1.0, ""OccurrenceOffsets"": [165], ""SurfaceForms"": [""Chicago Tribune""]}]"
N63006	finance	finance-savemoney	17 Surprising Ways Penny-Pinching Costs You More	Frugal living could end up costing you in the long run.	https://assets.msn.com/labs/mind/AAB4M2y.html	[]	[]
N5159	travel	traveltripideas	The Fascinating Story Behind Where 'Hocus Pocus' Was Filmed	You can visit Max and Dani's home ... if you dare.	https://assets.msn.com/labs/mind/AADmhmO.html	"[{""Label"": ""Hocus Pocus (1993 film)"", ""Type"": ""W"", ""WikidataId"": ""Q431140"", ""Confidence"": 1.0, ""OccurrenceOffsets"": [36], ""SurfaceForms"": [""Hocus Pocus""]}]"	[]
N47685	health	mentalhealth	Early symptoms of dementia: Be aware of subtle signs	Would you be able to recognize the symptoms of this creeping affliction?	https://assets.msn.com/labs/mind/AAI3Gx9.html	[]	[]
N44720	news	newsus	Man killed in officer-involved shooting in St. Louis	A man was killed in an officer-involved shooting Sunday morning, according to the St. Louis Metropolitan Police Department. It happened near 13th and Clinton. Police said they tried to pull over the man for a traffic violation, which led to a short chase. Eventually the car ran over an obstruction, causing a crash. St. Louis police said the man ran off and officers used a taser to try to stop him, but they said he pulled out a weapon and pointed...	https://assets.msn.com/labs/mind/AAJ44DD.html	[]	"[{""Label"": ""Metropolitan Police Department, City of St. Louis"", ""Type"": ""O"", ""WikidataId"": ""Q19876954"", ""Confidence"": 1.0, ""OccurrenceOffsets"": [82, 317], ""SurfaceForms"": [""St. Louis Metropolitan Police Department"", ""St. Louis police""]}]"
N55024	lifestyle	lifestylesmartliving	40 Etiquette Mistakes You Need to Stop Making by Age 40	From errors you make on the phone to rude things you do with your significant other, clean up your act by ditching these etiquette mistake in your 40s.	https://assets.msn.com/labs/mind/AACJkDv.html	[]	"[{""Label"": ""Eukaryotic small ribosomal subunit (40S)"", ""Type"": ""U"", ""WikidataId"": ""Q4637383"", ""Confidence"": 0.921, ""OccurrenceOffsets"": [147], ""SurfaceForms"": [""40s""]}]"
N44162	sports	football_nfl	Patriots vs. Ravens: 3 keys to the game, fun facts, prediction	Finally, the Patriots will play a real game against a legitimate opponent. For the first time since Week 4, the Patriots should play in a compelling game, as they will take on the Ravens on the road Sunday night. While the Patriots are 8-0 on the year, the Ravens are 5-2 and coming off their bye. In their last game, they had one of the better wins of the season by going into Seattle and coming away with a 30-16 win. Lamar Jackson is also one of...	https://assets.msn.com/labs/mind/AAJJZwW.html	"[{""Label"": ""Baltimore Ravens"", ""Type"": ""O"", ""WikidataId"": ""Q276539"", ""Confidence"": 0.999, ""OccurrenceOffsets"": [13], ""SurfaceForms"": [""Ravens""]}]"	"[{""Label"": ""Baltimore Ravens"", ""Type"": ""O"", ""WikidataId"": ""Q276539"", ""Confidence"": 0.999, ""OccurrenceOffsets"": [180, 257], ""SurfaceForms"": [""Ravens"", ""Ravens""]}, {""Label"": ""Lamar Jackson"", ""Type"": ""P"", ""WikidataId"": ""Q24809702"", ""Confidence"": 1.0, ""OccurrenceOffsets"": [420], ""SurfaceForms"": [""Lamar Jackson""]}, {""Label"": ""Seattle"", ""Type"": ""G"", ""WikidataId"": ""Q5083"", ""Confidence"": 0.994, ""OccurrenceOffsets"": [378], ""SurfaceForms"": [""Seattle""]}]"
N52683	health	fitness	14 Celebs Over 50 Who Are In The Best Shape Of Their Lives	A list of celebs over 50 who take health and fitness very seriously   and it shows!	https://assets.msn.com/labs/mind/AABHaIE.html	"[{""Label"": ""Shape (magazine)"", ""Type"": ""M"", ""WikidataId"": ""Q327416"", ""Confidence"": 0.984, ""OccurrenceOffsets"": [38], ""SurfaceForms"": [""Shape""]}]"	[]
